,n_neighbors,train,test
0,0,0.0,0.0
1,2,0.7999277198763606,0.7956237149039713
2,4,0.8034496923605297,0.7998527470751439
3,5,0.7886322670144493,0.7845977032135257
4,6,0.8035753969233809,0.7996911280112774
5,8,0.8070816563371935,0.8044588903953381
6,10,0.811234396359955,0.8079785944528746
